アセット名,パブリッシャー,バージョン,最終更新日,購入日,ファイルサイズ
Low-Poly Office Set #1 [+140 Models] [VNB],VNB Productions,1.1.0,2025-09-08,2026-02-17,4.8 MB
UI 23 - Comic Menu,Brain Station 23,1.0,2023-05-04,2025-12-21,20.5 MB
Japanese Otaku City,ZENRIN CO. LTD.,1.0,2018-11-06,2025-12-18,145.6 MB
(Required Paid Version) Default City Pack 1 industrial URP,Thoneick,1.0,2024-06-14,2025-12-18,1.6 GB
Old Hangar,PULSAR BYTES,1.0,2018-06-05,2025-12-17,31.0 MB
Interiors A,Loafbrr,1.0,2025-07-10,2025-12-17,334.4 MB
UnityJapanオフィス,Unity Technologies Japan,1.0.10,2025-12-05,2025-12-16,3.3 GB
UnityWarehouse,Unity Technologies Japan,1.0,2024-03-25,2025-12-16,936.8 MB
Blocky Cliff Formations,Ravibio,1.0,2024-09-11,2025-12-16,2.5 GB
Free Vampiric PolyVania: Massive Cartoon Low Poly Town Pack,EmacEArt,1.4,2026-01-14,2025-12-16,179.2 MB
Unity Factory,Unity Technologies Japan,1.0,2024-03-26,2025-12-16,882.0 MB
3D Free Modular Kit,Barking Dog,2.0,2024-07-23,2025-12-16,29.9 MB
Demo City By Versatile Studio (Mobile Friendly),Versatile Studio,1.0,2024-02-01,2025-12-16,282.7 MB
3D Sci Fi Building Day and Night City Kit with Roads - Screens - Street Lights,DDDMaster,1.0,2022-12-06,2025-12-16,508.2 MB
Sci-Fi Building 3D Skyscraper with Luminous Screens Windows and Hex,DDDMaster,1.0.0,2024-07-29,2025-12-16,272.5 MB
Medieval Bridge 3D,AndreiCG,1.0,2016-08-12,2025-12-16,128.7 MB
Parking Garage - Complete,255 pixel studios,1.0,2020-05-28,2025-12-16,30.9 MB
(P&W) Temple Edition,Aquarius Max,1.1,2019-06-19,2025-12-16,15.0 MB
Medieval Fantasy Town Village Environment - Demo Scenes,Magic Pig Games / Infinity PBR,4.2.12,2024-03-25,2025-12-16,1.3 GB
Medieval Castle - Modular,Advance Studios,1.0,2024-04-19,2025-12-16,16.1 MB
2D Endless Runner Assets | Certification Courseware,Unity Technologies,2.0,2026-03-04,2025-12-16,22.1 MB
o3n Male and Female UMA Races,o3n Studio,1.35,2023-02-20,2025-12-14,297.8 MB
Bodyguards,Batewar,1.2,2016-07-19,2025-12-14,46.7 MB
Suit Character Pack - Generic,BlocBros Studio,1.0,2022-12-05,2025-12-14,380.3 MB
UMA 2,UMA Steering Group,2.14f7,2026-03-18,2025-12-14,681.2 MB
Hit Impact Effects FREE,Travis Game Assets,1.0.2,2023-08-23,2025-11-04,8.9 MB
Magic Effects FREE,Hovl Studio,1.6,2025-06-04,2025-10-26,36.4 MB
Mobile Force Field,Isle of Assets,1.0.6,2023-10-24,2025-10-26,1.3 MB
Free Quick Effects Vol. 1,Gabriel Aguiar Prod,1.0,2024-12-06,2025-09-07,19.9 MB
Hyper Casual FX Pack Vol.2,Kyeoms,1.2,2025-05-02,2025-06-08,9.2 MB
エレメンタルスペルフルパック VFX,PixPlays Studio,1.0.1,2025-12-30,2025-06-08,40.4 MB
Unique Markers & Pings Vol. 1,Gabriel Aguiar Prod,1.1,2026-01-17,2025-06-08,200.6 MB
Flipbook VFX - URP,Vefects,1.0.231,2025-07-25,2025-06-08,46.9 MB
VFX Graph - Stylized Laser Beams - Vol. 1,Gabriel Aguiar Prod,1.3,2026-03-10,2025-06-08,93.8 MB
Stylized Element Splash Package vol.3,Kyeoms,1.2,2023-02-03,2025-06-08,10.7 MB
Interactive Wind 2D - Grass and Tree Shader,Ekincan Tas,3.4,2025-10-06,2024-01-09,7.5 MB
Plasma Particles,Unluck Software,1.0,2017-05-03,2023-12-08,11.5 MB
Beautify 3 - Advanced Post Processing,Kronnect,30.0.1,2026-02-13,2023-07-05,74.0 MB
Procedural fire,Hovl Studio,1.1.1,2021-09-14,2023-02-04,52.8 MB
Cartoon FX Remaster Free,Jean Moreno,R 1.5.1,2025-12-18,2023-02-04,12.8 MB
Blood Gush,RRFreelance,1.01,2019-02-08,2023-02-04,29.5 MB
Free 2D Impact FX,Inguz Media,1.0,2021-09-21,2023-02-04,96.4 MB
Free Stylized Smoke Effects Pack,Maiami Studio,1.0.1,2022-07-18,2023-02-04,120.5 KB
Simple Toon,Dmitry Chalovskiy,1.0,2020-12-22,2023-02-04,428.8 KB
Fire & Spell Effects,Digital Ruby (Jeff Johnson),1.0.3,2022-05-18,2023-02-04,26.5 MB
Dynamic Grass FX,LeastSquares LLC,1.0,2019-05-02,2023-02-04,1.1 MB
War FX,Jean Moreno,1.8.04,2019-03-22,2023-02-04,9.2 MB
Free Fire VFX - HDRP,Vefects,1.0.2023,2024-12-05,2023-02-04,8.2 MB
FREE Skybox Extended Shader,BOXOPHOBIC,2.5.0,2026-03-12,2023-02-04,10.2 MB
Lava Flowing Shader,Moonflower Carnivore,1.2,2016-07-26,2023-02-04,1.1 MB
Skill & Attack Indicators,DTT,1.4.0,2023-01-03,2023-01-29,20.6 MB
光るパワーアップなどのアイテム12点,Paul Jewell,1.2,2023-06-17,2023-01-29,30.7 MB
Bar Shader - Simple,Ninjapretzel,1.0,2017-07-01,2023-01-29,49.8 KB
Magic Circle Skills,StarryMoMo Studio,1.1,2022-09-23,2023-01-06,74.5 MB
Stylized Hit & Slash,Kyeoms,1.3,2023-07-28,2023-01-06,3.5 MB
Hyper Casual FX Pack Vol.1,Kyeoms,1.4,2025-05-02,2023-01-06,9.7 MB
All In 1 Vfx Toolkit,Seaside Studios,2.3,2026-02-07,2022-10-25,237.6 MB
All In 1 Vfx Textures,Seaside Studios,1.0,2022-02-08,2022-10-25,100.5 MB
2D Wind & Smoke VFX,Cartoon Coffee,2.0.0,2023-11-21,2022-09-12,13.9 MB
Unique Projectiles Vol. 1,Gabriel Aguiar Prod,1.8.1,2025-04-23,2022-07-19,76.9 MB
Fantasy Portal FX,Archanor VFX,1.0,2020-06-10,2022-07-19,5.4 MB
Unique AoE Magic Abilities Vol. 1,Gabriel Aguiar Prod,1.6.1,2025-06-16,2022-07-19,149.4 MB
RPG VFX Combination Package,XXXX,1.2.0,2021-11-05,2021-12-31,509.1 MB
Sprite Shaders Ultimate,Ekincan Tas,6.22,2026-01-12,2021-12-31,21.9 MB
Stylized Explosion Package,Kyeoms,1.3,2021-11-30,2021-11-19,3.5 MB
Glowing orbs pack,Hovl Studio,5.0,2026-02-18,2021-11-12,6.1 MB
100ファンタジー特撮パック,GAPH,26.2,2026-02-19,2021-11-12,360.8 MB
Swarm Of Bats,Rivermill Studios,1.2,2021-04-08,2021-10-29,1.9 MB
The Amazing 3D RPG Hits,Flashy Feather Games,1.0,2020-09-10,2021-10-29,5.8 MB
Hit & Slashes Vol.1,Flashy Feather Games,1.0,2018-01-23,2021-10-29,4.8 MB
Blizzard FX,Archanor VFX,1.0,2017-09-21,2021-10-10,6.0 MB
AOE Magic spells Vol.1,Hovl Studio,3.0,2026-02-18,2021-10-08,18.7 MB
Realistic Effects Pack 3,kripto289,1.2.1,2018-03-06,2021-10-08,131.2 MB
Action RPG FX,Archanor VFX,2.02,2024-09-05,2021-10-08,89.2 MB
Particle Logo FX,Archanor VFX,1.1,2021-07-22,2021-10-08,1.8 MB
Smoke & Ember FX,Archanor VFX,1.2,2021-11-07,2021-10-08,5.2 MB
Toon Projectiles,Hovl Studio,2.1,2026-03-17,2021-10-08,31.6 MB
Character Auras,Hovl Studio,2.0,2026-02-18,2021-10-08,29.6 MB
Stylized Water For URP,Alexander Ameye,1.2.1,2022-08-15,2021-09-22,6.6 MB
Stylized Melee Pack 1,Effectcore,1.63,2021-01-25,2021-09-21,9.3 MB
Cartoon VFX Deluxe,Cartoon Coffee,3.6.5,2024-02-29,2021-09-21,28.8 MB
Stylized Element Splash Package vol.2,Kyeoms,1.3,2023-02-03,2021-09-21,9.7 MB
Magic Arsenal,Archanor VFX,2.75,2024-12-07,2021-07-05,80.6 MB
Unique Projectiles Vol. 2,Gabriel Aguiar Prod,1.4.1,2025-04-23,2021-06-29,119.2 MB
RPG VFX Bundle,Hovl Studio,6.0.2,2026-03-17,2021-06-24,90.3 MB
Sword slashes PRO,Hovl Studio,3.0,2026-02-18,2021-06-24,35.1 MB
Toon Projectiles 2,Hovl Studio,2.0.1,2026-03-17,2021-06-15,31.7 MB
Top Down Effects,SineVFX,1.0,2025-03-15,2021-06-15,664.7 MB
Beautify 2 - Advanced Post Processing,Kronnect,14.0.1,2022-07-07,2021-04-19,84.9 MB
All In 1 Sprite Shader,Seaside Studios,4.661,2026-02-05,2021-04-19,16.3 MB
Water 2D Tool,Nicrom,1.12.1,2024-02-27,2021-01-01,18.8 MB
Volumetric Fog & Mist 2,Kronnect,31.1,2026-02-21,2020-11-11,290.7 MB
SUIMONO Water System,Tanuki Digital,2.1.14,2021-12-16,2020-10-26,61.4 MB
Particle Pack,Unity Technologies,3.1,2024-09-10,2020-04-15,157.6 MB
Particle Shaders Vol. 1,Michal Piatek,1.5,2018-03-13,2020-04-15,12.3 MB
Amplify Occlusion,Amplify Creations,2.1.0,2026-02-07,2020-04-10,22.2 MB
Amplify Color,Amplify Creations,1.9.0,2020-05-15,2020-04-10,1.3 MB
Particle Ingredient Pack,GAPH,4.1,2018-03-07,2020-04-06,5.6 MB
Simple 2d Fog - Storm - Smoke,Akıllı Mum,2.0,2019-06-10,2020-03-30,885.0 KB
Rain Maker - 2D and 3D Rain Particle System for Unity,Digital Ruby (Jeff Johnson),2.1.2,2022-05-18,2020-03-09,9.2 MB
Rain Drop Effect 2,Globe Games,1.6.1,2017-05-20,2020-03-09,52.9 MB
Legacy Particle Pack,Unity Technologies,5.0,2026-02-28,2019-08-03,97.5 MB
KTK Effect Sample Set,ktk.kumamoto,1.1,2025-04-09,2019-08-03,1.1 MB
FX Fire Free,FX_Kandol_Pack,1.0,2014-09-17,2019-08-03,3.7 MB
FX Magic Circle Free,FX_Kandol_Pack,1.1,2014-10-25,2019-08-03,4.2 MB
NaughtyAttributes,Denis Rizov,2.1.4,2022-02-15,2025-09-22,220.1 KB
Asset Inventory 3,Impossible Robert,3.6.1,2025-12-22,2025-08-14,22.5 MB
Master Audio 2024: AAA Sound,Dark Tonic Inc.,1.0.3,2025-12-06,2025-08-14,39.0 MB
Object Pool Manager,Midnite Oil Software,1.3.1,2023-08-28,2025-08-14,722.0 KB
Odin Validator,Sirenix,4.0.1.4,2026-02-27,2025-07-17,262.5 KB
Text Animator for Unity (2.X),Febucci,2.3.2,2025-11-18,2025-07-17,581.0 KB
Hot Reload | Edit Code Without Compiling,The Naughty Cult,1.13.17,2026-03-17,2025-07-17,3.2 MB
Extenject Dependency Injection IOC,Mathijs Bakker,9.2.0,2020-05-26,2025-07-08,12.0 MB
ScriptableObject-Architecture,Daniel Everland,1.7.0,2020-04-20,2025-07-08,472.7 KB
Maintainer,Code Stage,1.17.1,2024-11-22,2025-06-08,1.5 MB
Editor Console Pro,FlyingWorm,3.981,2026-01-14,2025-04-26,1.6 MB
Settings & Options Menu Creator - Complete Bundle,CitrioN,1.8.5,2025-12-01,2025-04-26,82.2 KB
Doozy UI Manager,Doozy Entertainment,2023.1.2,2023-08-06,2023-11-27,150.4 MB
Odin Inspector and Serializer,Sirenix,4.0.1.4,2026-02-27,2023-11-16,6.0 MB
ThunderFireUXTool,ThunderFireUX,1.0.2,2024-07-23,2023-10-23,86.6 MB
Oculus Integration (Deprecated),Meta,57.0.2-deprecated,2024-06-01,2023-10-21,567.5 MB
UModeler X Basic,UModeler Inc.,X Basic 1.0.3 / Hub 1.0.1,2024-11-20,2023-10-21,2.0 MB
AI NPC Engine v3 - Dialogue & Behavior for Unity - Inworld,AI NPC - Inworld AI,3.4.0,2024-06-10,2023-10-21,251.7 MB
Scene Streamer,Pixel Crushers,1.26.1,2024-10-18,2023-08-19,303.5 KB
Spicy Pixel Concurrency Kit,Spicy Pixel,1.1.4,2016-06-14,2023-07-24,631.5 KB
Super Level Optimizer,New Game Studio,6.1.8,2021-11-05,2023-07-23,42.3 KB
Dreamteck Splines,Dreamteck,3.0.6,2024-10-03,2023-07-22,12.0 MB
Leonardo.Ai,Leonardo.Ai,1.1.2,2024-08-05,2023-07-05,296.7 KB
Replica Studios AI Voice Actors for Unity,Replica Studios,2023.6.16,2023-06-23,2023-07-05,25.0 KB
Polyhive: Texture 3D Assets with AI,Polyhive,1.0.0,2023-06-23,2023-07-05,871.1 KB
LMNT: Emotive AI speech for voiceover & characters,LMNT,0.2.2,2025-06-12,2023-07-05,9.9 MB
Zibra Effects: VR/AR Solution (Subscription),Zibra AI,2.1.5,2024-05-22,2023-07-05,119.1 MB
Automated QA with modl:test,modl.ai,3.1.5,2023-12-06,2023-07-05,2.1 MB
Convai for Unity,Convai,4.0.0,2026-03-19,2023-07-05,230.1 MB
Layer AI,Layer AI,1.2.0,2024-03-15,2023-07-05,17.0 KB
Master Audio 2022: AAA Sound,Dark Tonic Inc.,1.1.0,2025-12-12,2023-06-07,38.9 MB
Quick Code,Renowned Games,2.0.3,2022-12-12,2023-06-01,113.3 KB
Fast Script Reload,Chris Handzlik,1.8,2024-11-25,2023-05-08,8.4 MB
Mirror,Mirror Networking,96.0.1,2025-02-27,2023-03-14,13.6 MB
MyConsole,Renowned Games,2.0.1,2022-12-12,2023-02-21,128.5 KB
AnimTool,Renowned Games,1.0.3,2022-12-12,2023-02-21,219.8 KB
SeqEvent,Renowned Games,2.0.1,2022-12-12,2023-02-21,159.9 KB
DevTool,Renowned Games,1.0.3,2022-12-12,2023-02-21,2.3 MB
Apex 2 - Smart Inspector & Editor Tools,Renowned Games,2.10.1,2024-07-26,2023-02-21,383.8 KB
Serialized Dictionary Lite,Rotary Heart,2.6.10,2025-03-24,2023-02-05,238.0 KB
Frost Effect,Steven Craeynest,1.1,2016-04-21,2023-02-05,3.3 MB
Lightning Bolt Effect for Unity,Digital Ruby (Jeff Johnson),1.0.1,2022-05-18,2023-02-05,1.2 MB
MapMagic 2,Denis Pahunov,2.1.19,2026-02-20,2023-02-04,208.5 MB
Mega World [Free],Vladislav Tsurikov,1.932,2026-02-05,2023-02-04,5.0 MB
MicroSplat,Jason Booth,3.9.49,2025-12-08,2023-02-04,161.4 MB
iTween,Pixelplacement,2.0.10,2019-04-17,2023-02-04,74.3 KB
Realistic Car Kit,Mehdi Rabiee,2.3,2016-03-02,2023-02-04,51.9 MB
Bolt | Now is Unity Visual Scripting & is built-in to Unity 2021 & newer,Unity Technologies,1.4.16,2022-06-13,2023-02-04,34.9 MB
Joystick Pack,Fenerax Studios,2.1,2019-03-25,2023-02-04,487.0 KB
Bezier Curve Editor,Arkham Interactive,1.1,2015-05-02,2023-02-04,68.4 KB
Super Scroll Rect,GamesTan,1.0,2022-04-06,2023-02-04,1.0 MB
SabreCSG Level Design Tools,Sabresaurus Ltd,1.4.0,2018-03-17,2023-02-04,23.3 MB
Tool Bundle,Renowned Games,1.0.0,2023-01-19,2023-01-29,2.9 MB
Ivy Studio - Procedural vine generation,ARTnGAME,1.5,2025-12-18,2023-01-29,171.4 MB
Smooth Sync,Noble Whale Studios,3.42,2025-05-02,2023-01-29,390.0 KB
ProTips - Tooltip System,ModelShark Studio,1.7.6a,2023-06-14,2023-01-29,22.6 MB
Pixelate,Tom Black,1.05,2024-11-19,2023-01-29,24.5 MB
Easy AR : Make Awesome AR Apps Without Coding,Render Island,4.0,2025-01-08,2023-01-29,227.3 MB
SensorToolkit 2,Micosmo,2.5.17,2025-09-10,2023-01-29,1.9 MB
Grabbit - Editor Physics Transforms,Jungle,6.0.1,2025-09-02,2023-01-29,9.8 MB
Flexalon 3D レイアウト,Virtual Maker,4.4.0,2025-12-06,2023-01-29,13.5 MB
Exporter for Unreal to Unity 2023,Ciprian Stanciu,1.34,2023-12-15,2023-01-29,348.5 KB
Physics Debug Extension,Rotary Heart,2.0.0,2024-11-25,2023-01-29,277.8 KB
SAColliderBuilder,Nora,1.0.3,2015-06-26,2022-12-06,1.9 MB
Usercentrics SDK,Usercentrics,2.7.10,2023-01-27,2022-12-02,344.8 KB
echo3D SDK,echo3D,2.1.02,2022-03-04,2022-12-02,11.0 MB
Houdini Engine for Unity,SideFX Software,19.0.498,2022-08-24,2022-12-02,1.1 MB
パスペインター 2,3D Haven™,2.1.12,2025-12-20,2022-07-19,83.8 MB
UMA for RPG Builder,Shadowed Souls Studios,2.0.4,2023-05-11,2022-07-19,592.5 KB
Auto Fence & Wall Builder,Two-Click Tools,4.0.1,2024-11-29,2022-07-19,5.1 GB
Fullscreen Editor,Muka Schultze,2.2.10,2025-10-12,2022-07-19,3.5 MB
Low Poly Terrain - Polaris 2020,Pinwheel Studio,2020.2.18,2023-03-17,2022-07-19,108.5 MB
iStep,Hoax Games,1.3.11,2024-08-26,2022-07-19,354.0 MB
FMOD for Unity (2.02),FMOD,2.02.33,2026-01-16,2022-03-21,97.2 MB
Inventory Master - uGUI,Sander Buchheim,4.6.8,2015-07-15,2022-01-25,8.4 MB
Item System,Devion Games,2.1.3,2021-02-27,2022-01-25,479.5 MB
Simple Multiplayer Kit,Pheonise,1.5.1free,2015-11-13,2022-01-06,10.9 MB
Destructible 2D,Carlos Wilkes,4.2.1,2024-02-21,2021-12-31,6.0 MB
AnyPortrait | 2Dキャラクターアニメーション,RainyRizzle,1.6.2,2025-10-15,2021-11-19,88.8 MB
Genvid MILE SDK Plugin for Unity,Genvid Technologies Inc.,1.44.0,2023-03-29,2021-11-12,2.4 MB
Quest Machine,Pixel Crushers,1.2.67,2026-03-07,2021-11-03,17.4 MB
Resize Pro,Amazing Assets,2025.1,2025-12-20,2021-11-03,83.1 KB
Fingers - Touch Gestures for Unity,Digital Ruby (Jeff Johnson),3.0.15,2025-12-03,2021-11-03,5.6 MB
Love/Hate,Pixel Crushers,1.10.67,2026-03-07,2021-11-03,4.6 MB
Procedural Lightning - High Performance and Shocking Lightning,Digital Ruby (Jeff Johnson),3.0.1,2026-03-03,2021-11-03,14.6 MB
DinoFracture - A Dynamic Fracture Library,Entropy Software LLC,2.11.3,2026-03-06,2021-10-15,22.6 MB
Motion Matching for Unity,Vault Break Studios,2.3.2,2025-03-17,2021-10-15,72.1 MB
SALSA LipSync Suite,Crazy Minnow Studio LLC,2.5.6,2025-01-27,2021-10-15,1.1 MB
MudBun: Volumetric VFX & Modeling,Long Bunny Labs,1.6.52,2025-02-16,2021-10-15,19.5 MB
Performance Tools,New Game Studio,4.0.1,2025-10-27,2021-10-15,446.8 MB
Dungeon Architect,Code Respawn,1.22.0,2024-11-29,2021-10-15,40.3 MB
Realistic Eye Movements,Tore Knabe,2.1.14,2026-03-16,2021-10-15,15.8 MB
Space Graphics Toolkit,Carlos Wilkes,4.2.14,2025-07-23,2021-10-15,178.3 MB
Digger PRO – Voxel Terrain Sculpting,Amandine Entertainment,8.0,2025-12-11,2021-10-15,37.2 MB
Mesh Slicer,Stas Bz,3.0.5,2025-02-03,2021-10-15,46.3 MB
Terrain Grid System,Kronnect,13.9.1.1,2022-07-26,2021-10-15,36.1 MB
Forever - Endless Runner Engine,Dreamteck,1.17,2024-11-10,2021-10-15,8.5 MB
Easy Decal,Sycoforge Technologies,2021.4.1,2023-10-16,2021-10-15,403.2 MB
MonKey - Productivity Commands,Jungle,2023.0.3,2023-02-16,2021-10-15,46.4 MB
Better UI,there-it-is,3.2,2026-01-03,2021-10-15,2.6 MB
Vault Inventory,Cleverous,6.2.1,2026-02-23,2021-10-15,5.9 MB
fBasic Assets,FImpossible Creations,1.2.7,2026-01-07,2021-10-08,6.8 MB
Support package for Hovl Studio assets,Hovl Studio,3.17,2025-02-07,2021-07-03,503.6 KB
Asset Hunter PRO,HeurekaGames,2.2.26,2025-12-06,2021-04-26,306.8 KB
SRDebugger - Console & Tools On-Device,Stompy Robot LTD,1.13.1,2026-01-08,2021-04-19,1.2 MB
Sensor Toolkit,Micosmo,1.6.7,2021-11-27,2021-04-19,468.5 KB
Ferr2D Terrain Tool,Simbryo,2.0.3,2019-04-14,2021-04-19,5.8 MB
Ultimate Text Damage,Codepug Productions,1.1.2,2021-04-26,2021-04-19,4.5 MB
UniRx - Reactive Extensions for Unity,neuecc,7.1.0,2019-07-04,2021-04-18,207.8 KB
Monitor Components,Peter Bruun,1.04,2019-02-19,2021-04-18,122.2 KB
Color Studio,Kronnect,5.1.1,2025-08-14,2021-03-24,920.8 KB
Loading Screen,Lovatto Studio,1.5.4,2023-09-20,2021-02-09,5.3 MB
Roslyn C# - Runtime Compiler,Trivial Interactive,1.9.2,2025-03-12,2021-02-09,15.7 MB
Adjust SDK,Adjust,4.28.0,2021-04-06,2021-01-24,5.8 MB
L.V.E 2019 - Lava & Volcano Environment 2019,NatureManufacture,1.8,2023-09-26,2021-01-21,3.4 GB
Smart Lighting 2D,FunkyCode,2022.11.0,2022-11-15,2021-01-03,17.4 MB
Rewired,Guavaman Enterprises,1.1.62.6,2026-03-05,2020-10-26,34.0 MB
UniStorm,Black Horizon Studios,5.3.4.1,2025-07-16,2020-10-26,141.6 MB
Master Audio: AAA Sound Solution,Dark Tonic Inc.,2020.3.8,2021-05-07,2020-10-26,39.4 MB
EasyRoads3D Pro,AndaSoft,v3.2.4f5,2026-01-06,2020-10-26,95.4 MB
Procedural UI Image,Josh H,2.2,2020-09-30,2020-10-26,273.5 KB
Edy's Vehicle Physics,Edy,5.5.3,2025-09-04,2020-10-26,37.9 MB
Script Inspector 3,Flipbook Games,3.1.11,2024-12-29,2020-10-26,3.2 MB
SimpleSQL,echo17,2.16.2,2025-07-11,2020-10-26,45.3 MB
Vectrosity,Starscene Software,5.6.1,2020-10-05,2020-10-26,2.2 MB
Tower Defense Toolkit 4 (TDTK-4),SongGameDev,4.1.1,2022-04-01,2020-10-26,10.4 MB
PoolManager,Path-o-logical Games,7.0.1,2020-10-14,2020-10-26,3.2 MB
Fast IK,Daniel Erdmann,1.2,2022-04-25,2020-10-10,599.5 KB
Runtime Inspector & Hierarchy,yasirkula,1.7.4,2025-03-31,2020-10-09,305.3 KB
Dynamic Panels,yasirkula,1.3.3,2025-03-31,2020-10-09,114.7 KB
Endless-2D Terrain Generator,Neil Meredith,1.2,2014-06-19,2020-09-27,1.7 MB
2D Rope System,Temo Kokiashvili,1.3,2017-05-24,2020-09-04,1.9 MB
Collider2D Optimization,Modern Alchemy,1.0,2017-06-09,2020-09-04,22.0 KB
Simple Sprite Trails,Hippo,1.0,2017-10-12,2020-09-04,609.0 KB
TypeATools DynamicBone Setup Utility,nonact,1.0.1,2018-10-18,2020-06-29,44.7 KB
EnhancedScroller,echo17,2.40.2,2025-07-10,2020-06-13,3.8 MB
SerializableDictionary,Mathieu Le Ber,1.1.0,2018-05-19,2020-05-31,130.3 KB
Playmaker Actions for DOTween by Doozy,Doozy Entertainment,1.5,2019-01-28,2020-04-21,6.2 MB
Dialogue System for Unity,Pixel Crushers,2.2.67,2026-03-07,2020-04-21,33.3 MB
DOTween Pro,Demigiant,1.0.410,2026-02-13,2020-04-18,586.9 KB
Easy Save - The Complete Save Data & Serializer System,Moodkie,3.5.25,2025-11-09,2020-04-18,249.0 KB
Playmaker,Hutong Games LLC,1.9.9f1,2026-01-27,2020-04-18,22.1 MB
Dynamic Bone,Will Hong,1.3.4,2024-05-06,2020-04-18,1.6 MB
2DDL Pro : Tilemap utillity Pro,Pixel Studio Assets,1.0,2020-02-04,2020-04-17,59.8 KB
Reaction AI Steroid Edition,Hourglass Software LLC,4.0,2024-06-10,2020-04-17,29.1 MB
Colored Debug,Matthew Hoyes,2.3,,2020-04-17,459.6 KB
TC Particles,Arthur Brussee,2.0,2019-06-17,2020-04-15,49.1 MB
Photon Bolt 無料版,Photon Engine,1.3.2,2022-05-12,2020-04-15,48.7 MB
EditorMemo,Charcolle,3.1.3,2023-09-04,2020-04-15,53.0 KB
WaveformProvider,Es,v0.1.5,2018-02-09,2020-04-15,232.5 KB
GitHub for Unity,GitHub,1.4.0,2019-06-21,2020-04-15,3.1 MB
Ground Fitter,FImpossible Creations,1.2.2,2024-06-08,2020-04-06,2.2 MB
DOTween (HOTween v2),Demigiant,1.2.825,2026-02-13,2020-04-06,235.4 KB
Cross Promotions - Promote your Game for free,Super Developers,1.2.1,2020-04-14,2020-04-06,357.1 KB
Alpha Flashing UI (UI Shaders),Nick Veselov #NVJOB,2.3,2020-03-10,2020-04-06,1.5 MB
2D Set (Jelly Sprite and Pixelation Shaders),Nick Veselov #NVJOB,1.2,2020-03-31,2020-04-06,2.0 MB
Cotton Fibre Effect,Maything Studio,1.0,2020-03-13,2020-04-06,48.9 KB
Swipe Controller,Games Garden,1.0,2020-03-13,2020-03-29,137.5 KB
Event Visualizer,MefistoFiles,1.4.1,2020-06-04,2020-03-29,37.0 KB
Candice AI for Games,Candice AI,2.1.1,2023-09-05,2020-03-29,3.3 MB
2.5D Swing Controller,Samuel Svensson,1.0,2019-10-18,2020-03-29,211.2 KB
Color Randomizer,Lukas Kallenbach,1.0,2015-10-24,2020-03-29,5.2 MB
Unity Editor Script,RedScarf,1.1,2017-09-23,2020-03-29,198.1 KB
Mesh and Object Deformers for Unity 3D,Wissam El Hajj,2.1.1,2019-07-29,2020-03-14,2.8 MB
Sharp Text Mesh,Nexgea,1.1,2017-11-14,2020-03-14,8.6 KB